marca|modelo|precio_lista|precio_con_bono|valor_bono|fecha|linea
imoto|TM RACING EN 250 FI K48 ES|7615000|||2018_03_16|TM-Racing
imoto|TM RACING EN250 FI 4T - 2013|3350000|||2018_03_16|TM-Racing
imoto|TM RACING EN250 FI 4T - 2016|5400000|||2018_03_16|TM-Racing
imoto|TM RACING EN250-2015|6230000|5340000||2018_03_16|TM-Racing
imoto|TM RACING EN250K48-2017 (2T)|6120000|||2018_03_16|TM-Racing
imoto|TM RACING EN450 FI 4T-2016|4900000|||2018_03_16|TM-Racing
imoto|TM RACING EN450FI-2015|7350000|4500000||2018_03_16|TM-Racing
imoto|TM RACING ENDURO-450-2013|4900000|3400000||2018_03_16|TM-Racing
imoto|TM RACING ENDURO-450-2013|4900000|3500000||2018_03_16|TM-Racing
imoto|TM RACING ENDURO-450-2014|5560000|3800000||2018_03_16|TM-Racing
imoto|TM RACING MX250 FI 4T - 2016|4900000|||2018_03_16|TM-Racing
imoto|TM RACING MX250FI 4 T 2015|4400000|||2018_03_16|TM-Racing
imoto|TM RACING EN 250 FI K48 ES|7615000|||2018_04_01|TM-Racing
imoto|TM RACING EN250 FI 4T - 2013|3350000|||2018_04_01|TM-Racing
imoto|TM RACING EN250 FI 4T - 2016|5400000|||2018_04_01|TM-Racing
imoto|TM RACING EN250-2015|6230000|5340000||2018_04_01|TM-Racing
imoto|TM RACING EN250K48-2017 (2T)|6120000|||2018_04_01|TM-Racing
imoto|TM RACING EN450 FI 4T-2016|4900000|||2018_04_01|TM-Racing
imoto|TM RACING EN450FI-2015|7350000|4500000||2018_04_01|TM-Racing
imoto|TM RACING ENDURO-450-2013|4900000|3400000||2018_04_01|TM-Racing
imoto|TM RACING ENDURO-450-2013|4900000|3500000||2018_04_01|TM-Racing
imoto|TM RACING ENDURO-450-2014|5560000|3800000||2018_04_01|TM-Racing
imoto|TM RACING MX250 FI 4T - 2016|4900000|||2018_04_01|TM-Racing
imoto|TM RACING MX250FI 4 T 2015|4400000|||2018_04_01|TM-Racing
imoto|TM RACING EN 250 FI K48 ES|7615000|||2018_04_17|TM-Racing
imoto|TM RACING EN250 FI 4T - 2013|3350000|||2018_04_17|TM-Racing
imoto|TM RACING EN250 FI 4T - 2016|5400000|||2018_04_17|TM-Racing
imoto|TM RACING EN250-2015|6230000|5340000||2018_04_17|TM-Racing
imoto|TM RACING EN250K48-2017 (2T)|6120000|||2018_04_17|TM-Racing
imoto|TM RACING EN300FIK48-2017|6690000|||2018_04_17|TM-Racing
imoto|TM RACING EN450 FI 4T-2016|4900000|||2018_04_17|TM-Racing
imoto|TM RACING EN450FI-2015|7350000|4500000||2018_04_17|TM-Racing
imoto|TM RACING EN450k48-2017|7130000|||2018_04_17|TM-Racing
imoto|TM RACING ENDURO-450-2013|4900000|3400000||2018_04_17|TM-Racing
imoto|TM RACING ENDURO-450-2013|4900000|3500000||2018_04_17|TM-Racing
imoto|TM RACING ENDURO-450-2014|5560000|3800000||2018_04_17|TM-Racing
imoto|TM RACING EN 250 FI K48 ES|7615000|||2018_04_23|TM-Racing
imoto|TM RACING EN250 FI 4T - 2013|3350000|||2018_04_23|TM-Racing
imoto|TM RACING EN250 FI 4T - 2016|5400000|||2018_04_23|TM-Racing
imoto|TM RACING EN250-2015|6230000|5340000||2018_04_23|TM-Racing
imoto|TM RACING EN250K48-2017 (2T)|6120000|||2018_04_23|TM-Racing
imoto|TM RACING EN300FIK48-2017|6690000|||2018_04_23|TM-Racing
imoto|TM RACING EN450 FI 4T-2016|4900000|||2018_04_23|TM-Racing
imoto|TM RACING EN450FI-2015|7350000|4500000||2018_04_23|TM-Racing
imoto|TM RACING EN450k48-2017|7130000|||2018_04_23|TM-Racing
imoto|TM RACING ENDURO-450-2013|4900000|3400000||2018_04_23|TM-Racing
imoto|TM RACING ENDURO-450-2013|4900000|3500000||2018_04_23|TM-Racing
imoto|TM RACING ENDURO-450-2014|5560000|3800000||2018_04_23|TM-Racing
imoto|TM RACING MX300-2015|6030000|||2018_04_01|TM-Racing
imoto|TM RACING MX450 FI 4T - 2014|3700000|||2018_04_01|TM-Racing
imoto|TM RACING MX450 FI 4T-2016|4600000|||2018_04_01|TM-Racing
imoto|TM RACING MX450FI-2014|5680000|4000000||2018_04_01|TM-Racing
imoto|TM RACING MX85-2018|4715000|||2018_04_01|TM-Racing
imoto|TM RACING SMX450FI-2014|6290000|5900000||2018_04_01|TM-Racing
imoto|TM RACING MX250 FI 4T - 2016|4900000|||2018_04_17|TM-Racing
imoto|TM RACING MX250FI 4 T 2015|4400000|||2018_04_17|TM-Racing
imoto|TM RACING MX300-2015|6030000|||2018_04_17|TM-Racing
imoto|TM RACING MX450 FI 4T - 2014|3700000|||2018_04_17|TM-Racing
imoto|TM RACING MX450 FI 4T-2016|4600000|||2018_04_17|TM-Racing
imoto|TM RACING MX450FI-2014|5680000|4000000||2018_04_17|TM-Racing
imoto|TM RACING MX85-2018|4650000|||2018_04_17|TM-Racing
imoto|TM RACING SMX450FI-2014|6290000|5900000||2018_04_17|TM-Racing
imoto|TM RACING TM Racing EN125K48-2018|6200000|||2018_04_17|TM-Racing
imoto|TM RACING TM RACING EN300K48-2018|6650000|||2018_04_17|TM-Racing
imoto|TM RACING MX250 FI 4T - 2016|4900000|||2018_04_23|TM-Racing
imoto|TM RACING MX250FI 4 T 2015|4400000|||2018_04_23|TM-Racing
imoto|TM RACING MX300-2015|6030000|||2018_04_23|TM-Racing
imoto|TM RACING MX450 FI 4T - 2014|3700000|||2018_04_23|TM-Racing
imoto|TM RACING MX450 FI 4T-2016|4600000|||2018_04_23|TM-Racing
imoto|TM RACING MX450FI-2014|5680000|4000000||2018_04_23|TM-Racing
imoto|TM RACING MX85-2018|4650000|||2018_04_23|TM-Racing
imoto|TM RACING SMX450FI-2014|6290000|5900000||2018_04_23|TM-Racing
imoto|TM RACING TM Racing EN125K48-2018|6200000|||2018_04_23|TM-Racing
imoto|TM RACING TM RACING EN300K48-2018|6650000|||2018_04_23|TM-Racing
imoto|TAKASAKI CK150S-3H|1190000|||2018_03_16|ATV
imoto|TAKASAKI CK250S-11 ATV|1560000|||2018_03_16|ATV
imoto|TAKASAKI CK300AS-8|1990000|||2018_03_16|ATV
imoto|TAKASAKI CK50S-7|570000|||2018_03_16|ATV
imoto|TAKASAKI FA-A70ATV|590000|||2018_03_16|ATV
imoto|TAKASAKI FA-H300 ATV (4x4)|2990000|||2018_03_16|ATV
imoto|LONCIN LX150ATV-3A|1290000|||2018_03_16|ATV
imoto|LONCIN LX200ATV-U|1990000|||2018_03_16|ATV
imoto|LONCIN LX700ATV-2|5290000|||2018_03_16|ATV
imoto|LONCIN LX70ATV|760000|||2018_03_16|ATV
imoto|TAKASAKI TK110-9ATV|590000|||2018_03_16|ATV
imoto|TAKASAKI CK150S-3H|1190000|||2018_04_01|ATV
imoto|TAKASAKI CK250S-11 ATV|1560000|||2018_04_01|ATV
imoto|TAKASAKI CK300AS-8|1990000|||2018_04_01|ATV
imoto|TAKASAKI CK50S-7|570000|||2018_04_01|ATV
imoto|TAKASAKI FA-A70ATV|590000|||2018_04_01|ATV
imoto|TAKASAKI FA-H300 ATV (4x4)|2990000|||2018_04_01|ATV
imoto|LONCIN LX150ATV-3A|1290000|||2018_04_01|ATV
imoto|LONCIN LX200ATV-U|1990000|||2018_04_01|ATV
imoto|LONCIN LX700ATV-2|5290000|||2018_04_01|ATV
imoto|LONCIN LX70ATV|760000|||2018_04_01|ATV
imoto|TAKASAKI TK110-9ATV|590000|||2018_04_01|ATV
imoto|TAKASAKI CK150S-3H|1190000|||2018_04_17|ATV
imoto|TAKASAKI CK250S-11 ATV|1560000|||2018_04_17|ATV
imoto|TAKASAKI CK300AS-8|1990000|||2018_04_17|ATV
imoto|TAKASAKI CK50S-7|570000|||2018_04_17|ATV
imoto|TAKASAKI FA-A70ATV|590000|||2018_04_17|ATV
imoto|TAKASAKI FA-H300 ATV (4x4)|2990000|||2018_04_17|ATV
imoto|LONCIN LX150ATV-3A|1290000|||2018_04_17|ATV
imoto|LONCIN LX200ATV-U|1990000|||2018_04_17|ATV
imoto|LONCIN LX700ATV-2|5290000|||2018_04_17|ATV
imoto|LONCIN LX70ATV|760000|||2018_04_17|ATV
imoto|TAKASAKI TK110-9ATV|590000|||2018_04_17|ATV
imoto|TAKASAKI CK150S-3H|1190000|||2018_04_23|ATV
imoto|TAKASAKI CK250S-11 ATV|1560000|||2018_04_23|ATV
imoto|TAKASAKI CK300AS-8|1990000|||2018_04_23|ATV
imoto|TAKASAKI CK50S-7|570000|||2018_04_23|ATV
imoto|TAKASAKI FA-A70ATV|590000|||2018_04_23|ATV
imoto|TAKASAKI FA-H300 ATV (4x4)|2990000|||2018_04_23|ATV
imoto|LONCIN LX150ATV-3A|1290000|||2018_04_23|ATV
imoto|LONCIN LX200ATV-U|1990000|||2018_04_23|ATV
imoto|LONCIN LX700ATV-2|5290000|||2018_04_23|ATV
imoto|LONCIN LX70ATV|760000|||2018_04_23|ATV
imoto|TAKASAKI TK110-9ATV|590000|||2018_04_23|ATV
imoto|LONCIN CRS / LX200-68A|1190000|||2018_03_16|Calle
imoto|LONCIN GN3-150|890000|||2018_03_16|Calle
imoto|LONCIN LX125-76|790000|||2018_03_16|Calle
imoto|LONCIN LX150-59B|990000|||2018_03_16|Calle
imoto|LONCIN SEVEN 250 / lx250gy-6|1290000|||2018_03_16|Calle
imoto|LONCIN CRS / LX200-68A|1190000|||2018_04_01|Calle
imoto|LONCIN GN3-150|890000|||2018_04_01|Calle
imoto|LONCIN LX125-76|790000|||2018_04_01|Calle
imoto|LONCIN LX150-59B|990000|||2018_04_01|Calle
imoto|LONCIN SEVEN 250 / lx250gy-6|1290000|||2018_04_01|Calle
imoto|LONCIN CRS / LX200-68A|1190000|||2018_04_17|Calle
imoto|LONCIN GN3-150|890000|||2018_04_17|Calle
imoto|LONCIN LX125-76|790000|||2018_04_17|Calle
imoto|LONCIN LX150-59B|990000|||2018_04_17|Calle
imoto|LONCIN SEVEN 250 / lx250gy-6|1290000|||2018_04_17|Calle
imoto|LONCIN CRS / LX200-68A|1190000|||2018_04_23|Calle
imoto|LONCIN GN3-150|890000|||2018_04_23|Calle
imoto|LONCIN LX125-76|790000|||2018_04_23|Calle
imoto|LONCIN LX150-59B|990000|||2018_04_23|Calle
imoto|LONCIN SEVEN 250 / lx250gy-6|1290000|||2018_04_23|Calle
imoto|KINLON JL150T-14B|890000|||2018_03_16|Scooter
imoto|KINLON JL150T-7VII|990000|||2018_03_16|Scooter
imoto|TAKASAKI TK125T-2|750000|||2018_03_16|Scooter
imoto|TAKASAKI TK150T-11|890000|||2018_03_16|Scooter
imoto|LONCIN Vitalia 125|990000|||2018_03_16|Scooter
imoto|KINLON JL150T-14B|890000|||2018_04_01|Scooter
imoto|KINLON JL150T-7VII|990000|||2018_04_01|Scooter
imoto|TAKASAKI TK125T-2|750000|||2018_04_01|Scooter
imoto|TAKASAKI TK150T-11|890000|||2018_04_01|Scooter
imoto|LONCIN Vitalia 125|990000|||2018_04_01|Scooter
imoto|KINLON JL150T-14B|890000|||2018_04_17|Scooter
imoto|KINLON JL150T-7VII|990000|||2018_04_17|Scooter
imoto|TAKASAKI TK125T-2|750000|||2018_04_17|Scooter
imoto|TAKASAKI TK150T-11|890000|||2018_04_17|Scooter
imoto|LONCIN Vitalia 125|990000|||2018_04_17|Scooter
imoto|KINLON JL150T-14B|890000|||2018_04_23|Scooter
imoto|KINLON JL150T-7VII|990000|||2018_04_23|Scooter
imoto|TAKASAKI TK125T-2|750000|||2018_04_23|Scooter
imoto|TAKASAKI TK150T-11|890000|||2018_04_23|Scooter
imoto|LONCIN Vitalia 125|990000|||2018_04_23|Scooter
imoto|TAKASAKI XT250TM|1490000|||2018_03_16|Cross
imoto|TAKASAKI XT250TM-4V|1990000|||2018_03_16|Cross
imoto|TAKASAKI XT50|550000|||2018_03_16|Cross
imoto|TAKASAKI XTR 125S|890000|||2018_03_16|Cross
imoto|TAKASAKI YX125|630000|||2018_03_16|Cross
imoto|TAKASAKI YX140|740000|||2018_03_16|Cross
imoto|TAKASAKI XT250TM|1490000|||2018_04_01|Cross
imoto|TAKASAKI XT250TM-4V|1990000|||2018_04_01|Cross
imoto|TAKASAKI XT50|550000|||2018_04_01|Cross
imoto|TAKASAKI XTR 125S|890000|||2018_04_01|Cross
imoto|TAKASAKI YX125|630000|||2018_04_01|Cross
imoto|TAKASAKI YX140|740000|||2018_04_01|Cross
imoto|TAKASAKI XT250TM|1490000|||2018_04_17|Cross
imoto|TAKASAKI XT250TM-4V|1990000|||2018_04_17|Cross
imoto|TAKASAKI XT50|550000|||2018_04_17|Cross
imoto|TAKASAKI XTR 125S|890000|||2018_04_17|Cross
imoto|TAKASAKI YX125|630000|||2018_04_17|Cross
imoto|TAKASAKI YX140|740000|||2018_04_17|Cross
imoto|TAKASAKI XT250TM|1490000|||2018_04_23|Cross
imoto|TAKASAKI XT250TM-4V|1990000|||2018_04_23|Cross
imoto|TAKASAKI XT50|550000|||2018_04_23|Cross
imoto|TAKASAKI XTR 125S|890000|||2018_04_23|Cross
imoto|TAKASAKI YX125|630000|||2018_04_23|Cross
imoto|TAKASAKI YX140|740000|||2018_04_23|Cross
imoto|LONCIN LONCIN SX2-250|1450000|||2018_03_16|Dual
imoto|LONCIN SX1-150|990000|||2018_03_16|Dual
imoto|LONCIN SX1-200|1090000|||2018_03_16|Dual
imoto|TAKASAKI TK150GY|790000|||2018_03_16|Dual
imoto|TAKASAKI TKR250|1050000|||2018_03_16|Dual
imoto|LONCIN LONCIN SX2-250|1450000|||2018_04_01|Dual
imoto|LONCIN SX1-150|990000|||2018_04_01|Dual
imoto|LONCIN SX1-200|1090000|||2018_04_01|Dual
imoto|TAKASAKI TK150GY|790000|||2018_04_01|Dual
imoto|TAKASAKI TKR250|1050000|||2018_04_01|Dual
imoto|LONCIN LONCIN SX2-250|1450000|||2018_04_17|Dual
imoto|LONCIN SX1-150|990000|||2018_04_17|Dual
imoto|LONCIN SX1-200|1090000|||2018_04_17|Dual
imoto|TAKASAKI TK150GY|790000|||2018_04_17|Dual
imoto|TAKASAKI TKR250|1050000|||2018_04_17|Dual
imoto|LONCIN LONCIN SX2-250|1450000|||2018_04_23|Dual
imoto|LONCIN SX1-150|990000|||2018_04_23|Dual
imoto|LONCIN SX1-200|1090000|||2018_04_23|Dual
imoto|TAKASAKI TK150GY|790000|||2018_04_23|Dual
imoto|TAKASAKI TKR250|1050000|||2018_04_23|Dual
imoto|TM RACING EN250 (2T) 2015|3600000|||2018_03_16|Semi-Nuevas
imoto|TM RACING EN450FI (4T) 2014|3800000|||2018_03_16|Semi-Nuevas
imoto|TM RACING ENDURO-250-2012|3800000|||2018_03_16|Semi-Nuevas
imoto|TM RACING ENDURO-300-2014|3900000|||2018_03_16|Semi-Nuevas
imoto|TM RACING EN250 (2T) 2015|3600000|||2018_04_01|Semi-Nuevas
imoto|TM RACING EN450FI (4T) 2014|3800000|||2018_04_01|Semi-Nuevas
imoto|TM RACING ENDURO-250-2012|3800000|||2018_04_01|Semi-Nuevas
imoto|TM RACING ENDURO-300-2014|3900000|||2018_04_01|Semi-Nuevas
imoto|TM RACING EN250 (2T) 2015|3600000|||2018_04_17|Semi-Nuevas
imoto|TM RACING EN450FI (4T) 2014|3800000|||2018_04_17|Semi-Nuevas
imoto|TM RACING ENDURO-250-2012|3800000|||2018_04_17|Semi-Nuevas
imoto|TM RACING ENDURO-300-2014|3900000|||2018_04_17|Semi-Nuevas
imoto|TM RACING EN250 (2T) 2015|3600000|||2018_04_23|Semi-Nuevas
imoto|TM RACING EN450FI (4T) 2014|3800000|||2018_04_23|Semi-Nuevas
imoto|TM RACING ENDURO-250-2012|3800000|||2018_04_23|Semi-Nuevas
imoto|TM RACING ENDURO-300-2014|3900000|||2018_04_23|Semi-Nuevas
imoto|LONCIN LONCIN  LX650 /CR9|4490000|3990000||2018_03_16|Sport
imoto|LONCIN LX250GS-2|1690000|||2018_03_16|Sport
imoto|LONCIN LONCIN  LX650 /CR9|4490000|3990000||2018_04_01|Sport
imoto|LONCIN LX250GS-2|1690000|||2018_04_01|Sport
imoto|LONCIN LONCIN  LX650 /CR9|4490000|3990000||2018_04_17|Sport
imoto|LONCIN LX250GS-2|1690000|||2018_04_17|Sport
imoto|LONCIN LONCIN  LX650 /CR9|4490000|3990000||2018_04_23|Sport
imoto|LONCIN LX250GS-2|1690000|||2018_04_23|Sport
suzuki|Gixxer SF FI â€“ Color GP|1899900||1899900|2018_03_25|Calle
suzuki|Gixxer SF FI â€“ Color GP|1899900||1899900|2018_04_17|Calle
suzuki|Gixxer SF FI â€“ Color GP|1899900||1899900|2018_04_23|Calle
suzuki|Gixxer SF FI|1899900|1799900|100000|2018_03_25|Calle
suzuki|Gixxer SF FI|1899900|1799900|100000|2018_04_17|Calle
suzuki|Gixxer SF FI|1899900|1799900|100000|2018_04_23|Calle
suzuki|Gixxer FI – Azul Especial|1699900|1499900|200000|2018_03_25|Calle
suzuki|Gixxer FI â€“ Azul Especial|1599900||1599900|2018_04_17|Calle
suzuki|Gixxer FI â€“ Azul Especial|1599900||1599900|2018_04_23|Calle
suzuki|Gixxer FI|1699900|1499900|200000|2018_03_25|Calle
suzuki|Gixxer DI|1599900||1599900|2018_04_17|Calle
suzuki|Gixxer DI|1599900||1599900|2018_04_23|Calle
suzuki|AN125|1049900|999900|50000|2018_03_25|Scooter
suzuki|AN125|1049900|999900|50000|2018_04_17|Scooter
suzuki|AN125|1049900|999900|50000|2018_04_23|Scooter
suzuki|BURGMAN 650 Executive|8499900||8499900|2018_03_25|Scooter
suzuki|BURGMAN 650 Executive|8499900||8499900|2018_04_17|Scooter
suzuki|BURGMAN 650 Executive|8499900||8499900|2018_04_23|Scooter
suzuki|SV650|5999900||5999900|2018_03_25|Deportiva
suzuki|SV650|5999900||5999900|2018_04_17|Deportiva
suzuki|SV650|5999900||5999900|2018_04_23|Deportiva
suzuki|GSX-R 1000R|15990900||15990900|2018_03_25|Deportiva
suzuki|GSX-R 1000R|15990900||15990900|2018_04_17|Deportiva
suzuki|GSX-R 1000R|15990900||15990900|2018_04_23|Deportiva
suzuki|GSX-R 750|8999900||8999900|2018_03_25|Deportiva
suzuki|GSX-R 750|8999900||8999900|2018_04_17|Deportiva
suzuki|GSX-R 750|8999900||8999900|2018_04_23|Deportiva
suzuki|GSX-R 1000|12999900||12999900|2018_03_25|Deportiva
suzuki|GSX-R 1000|12999900||12999900|2018_04_17|Deportiva
suzuki|GSX-R 1000|12999900||12999900|2018_04_23|Deportiva
suzuki|HAYABUSA|11499900||11499900|2018_03_25|Deportiva
suzuki|HAYABUSA|11499900||11499900|2018_04_17|Deportiva
suzuki|HAYABUSA|11499900||11499900|2018_04_23|Deportiva
suzuki|GSX-S750A|7699900||7699900|2018_03_25|Deportiva
suzuki|GSX-S750A|7999900|7699900|300000|2018_04_17|Deportiva
suzuki|GSX-S750A|7999900|7699900|300000|2018_04_23|Deportiva
suzuki|GSX-R 600|8999900||8999900|2018_03_25|Deportiva
suzuki|GSX-R 600|8999900||8999900|2018_04_17|Deportiva
suzuki|GSX-R 600|8999900||8999900|2018_04_23|Deportiva
suzuki|GSX-S 1000|10999900|8999900|2000000|2018_03_25|Deportiva
suzuki|GSX-S 1000|10999900|8999900|2000000|2018_04_17|Deportiva
suzuki|GSX-S 1000|10999900|8999900|2000000|2018_04_23|Deportiva
suzuki|DR650|4699900||4699900|2018_03_25|Multiproposito
suzuki|DR650|4699900|4499900|200000|2018_04_17|Multiproposito
suzuki|DR650|4699900|4499900|200000|2018_04_23|Multiproposito
suzuki|DR200S|2999900||2999900|2018_03_25|Multiproposito
suzuki|DR200S|2999900||2999900|2018_04_17|Multiproposito
suzuki|DR200S|2999900||2999900|2018_04_23|Multiproposito
suzuki|V-STROM 650XT|7999900||7999900|2018_03_25|Multiproposito
suzuki|V-STROM 650XT|7999900||7999900|2018_04_17|Multiproposito
suzuki|V-STROM 650XT|7999900||7999900|2018_04_23|Multiproposito
suzuki|V-STROM 1000XT|10499900||10499900|2018_03_25|Multiproposito
suzuki|V-STROM 1000XT|10499900||10499900|2018_04_17|Multiproposito
suzuki|V-STROM 1000XT|10499900||10499900|2018_04_23|Multiproposito
suzuki|LS650|4299900||4299900|2018_03_25|Custom-Retro
suzuki|LS650|4299900||4299900|2018_04_17|Custom-Retro
suzuki|LS650|4299900||4299900|2018_04_23|Custom-Retro
suzuki|GS500|4999900||4999900|2018_03_25|Custom-Retro
suzuki|GS500|4999900||4999900|2018_04_17|Custom-Retro
suzuki|GS500|4999900||4999900|2018_04_23|Custom-Retro
suzuki|GZ150|1399900||1399900|2018_03_25|Custom-Retro
suzuki|GZ150|1499900|1399900|100000|2018_04_17|Custom-Retro
suzuki|GZ150|1499900|1399900|100000|2018_04_23|Custom-Retro
suzuki|RMZ450|6999000||6999000|2018_03_25|Motocross
suzuki|RMZ450|6999000||6999000|2018_04_17|Motocross
suzuki|RMZ450|6999000||6999000|2018_04_23|Motocross
suzuki|RMZ250|6499900||6499900|2018_03_25|Motocross
suzuki|RMZ250|6499900||6499900|2018_04_17|Motocross
suzuki|RMZ250|6499900||6499900|2018_04_23|Motocross
suzuki|RMX450Z|6899900||6899900|2018_03_25|Enduro
suzuki|RMX450Z|6899900||6899900|2018_04_17|Enduro
suzuki|RMX450Z|6899900||6899900|2018_04_23|Enduro
suzuki|DRZ125|2299900||2299900|2018_03_25|Enduro
suzuki|DRZ125|2299900||2299900|2018_04_17|Enduro
suzuki|DRZ125|2299900||2299900|2018_04_23|Enduro
suzuki|QUADSPORT Z90|1999900||1999900|2018_03_25|Infantil
suzuki|QUADSPORT Z90|1999900||1999900|2018_04_17|Infantil
suzuki|QUADSPORT Z90|1999900||1999900|2018_04_23|Infantil
suzuki|QUADSPORT Z50|1799900||1799900|2018_03_25|Infantil
suzuki|QUADSPORT Z50|1799900||1799900|2018_04_17|Infantil
suzuki|QUADSPORT Z50|1799900||1799900|2018_04_23|Infantil
suzuki|RM85L|3799900||3799900|2018_03_25|Infantil
suzuki|RM85L|3799900||3799900|2018_04_17|Infantil
suzuki|RM85L|3799900||3799900|2018_04_23|Infantil
suzuki|RM85|3499900||3499900|2018_03_25|Infantil
suzuki|RM85|3499900||3499900|2018_04_17|Infantil
suzuki|RM85|3499900||3499900|2018_04_23|Infantil
suzuki|DRZ70|1999900||1999900|2018_03_25|Infantil
suzuki|DRZ70|1999900||1999900|2018_04_17|Infantil
suzuki|DRZ70|1999900||1999900|2018_04_23|Infantil
suzuki|QUADSPORT Z400|5999900||5999900|2018_03_25|ATV
suzuki|QUADSPORT Z400|5999900|5499900|500000|2018_04_17|ATV
suzuki|QUADSPORT Z400|5999900|5499900|500000|2018_04_23|ATV
suzuki|OZARK 250|3999900||3999900|2018_03_25|ATV
suzuki|OZARK 250|3999900||3999900|2018_04_17|ATV
suzuki|OZARK 250|3999900||3999900|2018_04_23|ATV
suzuki|KINGQUAD 750 EPS|8299900||8299900|2018_03_25|ATV
suzuki|KINGQUAD 750 EPS|8299900|8099900|200000|2018_04_17|ATV
suzuki|KINGQUAD 750 EPS|8299900|8099900|200000|2018_04_23|ATV
suzuki|KINGQUAD 500 EPS|6999900||6999900|2018_03_25|ATV
suzuki|KINGQUAD 500 EPS|6999900||6999900|2018_04_17|ATV
suzuki|KINGQUAD 500 EPS|6999900||6999900|2018_04_23|ATV
yamaha|YZ-250F|6590000|5990000||2018_03_25|Motos
yamaha|YZ-85LW|3590000|||2018_03_25|Motos
yamaha|XA-125|1199000|||2018_03_25|Motos
yamaha|NMAX|2390000|2090000||2018_03_25|Motos
yamaha|XTZ-125|1390000|||2018_03_25|Motos
yamaha|YBR-125|1190000|1090000||2018_03_25|Motos
yamaha|FZN150|1499000|||2018_03_25|Motos
yamaha|FZN150D|1599000|||2018_03_25|Motos
yamaha|MT-03|3699000|3499000||2018_03_25|Motos
yamaha|MT-07 A|6590000|||2018_03_25|Motos
yamaha|MT-09 A|7990000|||2018_03_25|Motos
yamaha|MT-09 TRACER|8990000|||2018_03_25|Motos
yamaha|MT-10|10990000|||2018_03_25|Motos
yamaha|YZF-R15|2290000|||2018_03_25|Motos
yamaha|YZF-R3|3999000|3300000||2018_03_25|Motos
yamaha|YZF-R6|10990000|||2018_03_25|Motos
yamaha|YZF-R1|13390000|||2018_03_25|Motos
yamaha|YZF-R1M|17990000|||2018_03_25|Motos
yamaha|FJR 1300 - A|11690000|||2018_03_25|Motos
yamaha|BOLT|6990000|||2018_03_25|Motos
yamaha|SUPER TENERÉ VERSIÓN EXPEDITION|15290000|14290000||2018_03_25|Motos
yamaha|PW-50|1490000|||2018_03_25|Motos
yamaha|TTR-110E|1849000|||2018_03_25|Motos
yamaha|YZ-250FX|6690000|||2018_03_25|Motos
yamaha|WR-250F|6490000|||2018_03_25|Motos
yamaha|YZ-450FX|6990000|||2018_03_25|Motos
yamaha|WR-450F|6890000|||2018_03_25|Motos
yamaha|YZ-85LW (2017)|3590000|3090000||2018_03_25|Motos
yamaha|YZ-125|4990000|4390000||2018_03_25|Motos
yamaha|YZ-250|5590000|||2018_03_25|Motos
yamaha|YZ-250 X|5790000|5290000||2018_03_25|Motos
yamaha|YZ-450F|6990000|||2018_03_25|Motos
yamaha|FZ 25|2290000|||2018_04_22|Motos
yamaha|YZ-250F|6590000|5990000||2018_04_22|Motos
yamaha|YZ-85LW|3590000|||2018_04_22|Motos
yamaha|XA-125|1199000|||2018_04_22|Motos
yamaha|NMAX|2390000|2190000||2018_04_22|Motos
yamaha|XTZ-125|1390000|||2018_04_22|Motos
yamaha|YBR-125|1190000|1090000||2018_04_22|Motos
yamaha|FZN150|1499000|1399000||2018_04_22|Motos
yamaha|FZN150D|1599000|1499000||2018_04_22|Motos
yamaha|MT-03|3699000|3399000||2018_04_22|Motos
yamaha|MT-07 A|6590000|||2018_04_22|Motos
yamaha|MT-09 A|7990000|||2018_04_22|Motos
yamaha|MT-09 TRACER|8990000|||2018_04_22|Motos
yamaha|MT-10|10990000|||2018_04_22|Motos
yamaha|YZF-R15|2290000|2090000||2018_04_22|Motos
yamaha|YZF-R3|3999000|3699000||2018_04_22|Motos
yamaha|YZF-R6|10990000|10490000||2018_04_22|Motos
yamaha|YZF-R1|13390000|||2018_04_22|Motos
yamaha|YZF-R1M|17990000|||2018_04_22|Motos
yamaha|FJR 1300 - A|11690000|||2018_04_22|Motos
yamaha|BOLT|6990000|||2018_04_22|Motos
yamaha|SUPER TENERÉ VERSIÓN EXPEDITION|15290000|14290000||2018_04_22|Motos
yamaha|PW-50|1490000|||2018_04_22|Motos
yamaha|TTR-110E|1849000|||2018_04_22|Motos
yamaha|YZ-250FX|6690000|5990000||2018_04_22|Motos
yamaha|WR-250F|6490000|||2018_04_22|Motos
yamaha|YZ-450FX|6990000|||2018_04_22|Motos
yamaha|WR-450F|6890000|6590000||2018_04_22|Motos
yamaha|YZ-125|4990000|4390000||2018_04_22|Motos
yamaha|YZ-250|5590000|||2018_04_22|Motos
yamaha|YZ-250 X|5790000|5290000||2018_04_22|Motos
yamaha|YZ-450F|6990000|||2018_04_22|Motos
yamaha|FZ 25|2290000|||2018_04_23|Motos
yamaha|YZ-250F|6590000|5990000||2018_04_23|Motos
yamaha|YZ-85LW|3590000|||2018_04_23|Motos
yamaha|XA-125|1199000|||2018_04_23|Motos
yamaha|NMAX|2390000|2190000||2018_04_23|Motos
yamaha|XTZ-125|1390000|||2018_04_23|Motos
yamaha|YBR-125|1190000|1090000||2018_04_23|Motos
yamaha|FZN150|1499000|1399000||2018_04_23|Motos
yamaha|FZN150D|1599000|1499000||2018_04_23|Motos
yamaha|MT-03|3699000|3399000||2018_04_23|Motos
yamaha|MT-07 A|6590000|||2018_04_23|Motos
yamaha|MT-09 A|7990000|||2018_04_23|Motos
yamaha|MT-09 TRACER|8990000|||2018_04_23|Motos
yamaha|MT-10|10990000|||2018_04_23|Motos
yamaha|YZF-R15|2290000|2090000||2018_04_23|Motos
yamaha|YZF-R3|3999000|3699000||2018_04_23|Motos
yamaha|YZF-R6|10990000|10490000||2018_04_23|Motos
yamaha|YZF-R1|13390000|||2018_04_23|Motos
yamaha|YZF-R1M|17990000|||2018_04_23|Motos
yamaha|FJR 1300 - A|11690000|||2018_04_23|Motos
yamaha|BOLT|6990000|||2018_04_23|Motos
yamaha|SUPER TENERÉ VERSIÓN EXPEDITION|15290000|14290000||2018_04_23|Motos
yamaha|PW-50|1490000|||2018_04_23|Motos
yamaha|TTR-110E|1849000|||2018_04_23|Motos
yamaha|YZ-250FX|6690000|5990000||2018_04_23|Motos
yamaha|WR-250F|6490000|||2018_04_23|Motos
yamaha|YZ-450FX|6990000|||2018_04_23|Motos
yamaha|WR-450F|6890000|6590000||2018_04_23|Motos
yamaha|YZ-125|4990000|4390000||2018_04_23|Motos
yamaha|YZ-250|5590000|||2018_04_23|Motos
yamaha|YZ-250 X|5790000|5290000||2018_04_23|Motos
yamaha|YZ-450F|6990000|||2018_04_23|Motos
yamaha|YFM-700R|7390000|6790000||2018_03_25|ATV
yamaha|YFZ-450R SE|7690000|6990000||2018_03_25|ATV
yamaha|YFM-90R|1990000|1890000||2018_03_25|ATV
yamaha|YFZ-450R|7690000|6890000||2018_03_25|ATV
yamaha|YFM-700R SE (2018)|7390000|6890000||2018_03_25|ATV
yamaha|YFM-350A|4990000|||2018_03_25|ATV
yamaha|YFM-350FWA|5990000|5490000||2018_03_25|ATV
yamaha|YFM-700FWAD|8590000|7990000||2018_03_25|ATV
yamaha|YFM-700R|7390000|6790000||2018_04_17|ATV
yamaha|YFZ-450R SE|7690000|6990000||2018_04_17|ATV
yamaha|YFM-90R|1990000|1890000||2018_04_17|ATV
yamaha|YFZ-450R|7690000|6890000||2018_04_17|ATV
yamaha|YFM-700R SE (2018)|7390000|6890000||2018_04_17|ATV
yamaha|YFM-350A|4990000|||2018_04_17|ATV
yamaha|YFM-350FWA|5990000|5490000||2018_04_17|ATV
yamaha|YFM-700FWAD|8590000|7990000||2018_04_17|ATV
yamaha|YFM-700R|7390000|6790000||2018_04_22|ATV
yamaha|YFZ-450R SE|7690000|6990000||2018_04_22|ATV
yamaha|YFM-90R|1990000|1890000||2018_04_22|ATV
yamaha|YFZ-450R|7690000|6890000||2018_04_22|ATV
yamaha|YFM-700R SE (2018)|7390000|6890000||2018_04_22|ATV
yamaha|YFM-350A|4990000|||2018_04_22|ATV
yamaha|YFM-350FWA|5990000|5490000||2018_04_22|ATV
yamaha|YFM-700FWAD|8590000|7990000||2018_04_22|ATV
yamaha|YFM-700R|7390000|6790000||2018_04_23|ATV
yamaha|YFZ-450R SE|7690000|6990000||2018_04_23|ATV
yamaha|YFM-90R|1990000|1890000||2018_04_23|ATV
yamaha|YFZ-450R|7690000|6890000||2018_04_23|ATV
yamaha|YFM-700R SE (2018)|7390000|6890000||2018_04_23|ATV
yamaha|YFM-350A|4990000|||2018_04_23|ATV
yamaha|YFM-350FWA|5990000|5490000||2018_04_23|ATV
yamaha|YFM-700FWAD|8590000|7990000||2018_04_23|ATV
yamaha|NUEVO YXZ-1000R SS|21590000|19990000||2018_03_25|UTV
yamaha|YXZ-1000R|19990000|18990000||2018_03_25|UTV
yamaha|NUEVO YXZ-1000R SS|21590000|19990000||2018_04_22|UTV
yamaha|YXZ-1000R|19990000|18990000||2018_04_22|UTV
yamaha|NUEVO YXZ-1000R SS|21590000|19990000||2018_04_23|UTV
yamaha|YXZ-1000R|19990000|18990000||2018_04_23|UTV
yamaha|EX DELUXE|7990000|||2018_03_25|Nautica
yamaha|FX Cruiser SVHO|13990000|||2018_03_25|Nautica
yamaha|VX DELUXE|8990000|||2018_03_25|Nautica
yamaha|VX CRUISER|9290000|||2018_03_25|Nautica
yamaha|SUPER JET|6990000|||2018_03_25|Nautica
yamaha|25BMHS|2190000|||2018_03_25|Nautica
yamaha|15FMHS|1590000|||2018_03_25|Nautica
yamaha|99FMHS|1390000|||2018_03_25|Nautica
yamaha|40XMHL|2950000|||2018_03_25|Nautica
yamaha|25BMHL|2290000|||2018_03_25|Nautica
yamaha|15FMHL|1690000|||2018_03_25|Nautica
yamaha|99FMHL|1490000|||2018_03_25|Nautica
yamaha|5CSMHL|990000|||2018_03_25|Nautica
yamaha|EX DELUXE|7990000|||2018_04_17|Nautica
yamaha|FX Cruiser SVHO|13990000|||2018_04_17|Nautica
yamaha|VX DELUXE|8990000|||2018_04_17|Nautica
yamaha|VX CRUISER|9290000|||2018_04_17|Nautica
yamaha|SUPER JET|6990000|||2018_04_17|Nautica
yamaha|25BMHS|2190000|||2018_04_17|Nautica
yamaha|15FMHS|1590000|||2018_04_17|Nautica
yamaha|99FMHS|1390000|||2018_04_17|Nautica
yamaha|40XMHL|2950000|||2018_04_17|Nautica
yamaha|25BMHL|2290000|||2018_04_17|Nautica
yamaha|15FMHL|1690000|||2018_04_17|Nautica
yamaha|99FMHL|1490000|||2018_04_17|Nautica
yamaha|5CSMHL|990000|||2018_04_17|Nautica
yamaha|EX DELUXE|7990000|||2018_04_22|Nautica
yamaha|FX Cruiser SVHO|13990000|||2018_04_22|Nautica
yamaha|VX DELUXE|8990000|||2018_04_22|Nautica
yamaha|VX CRUISER|9290000|||2018_04_22|Nautica
yamaha|SUPER JET|6990000|||2018_04_22|Nautica
yamaha|25BMHS|2190000|||2018_04_22|Nautica
yamaha|15FMHS|1590000|||2018_04_22|Nautica
yamaha|99FMHS|1390000|||2018_04_22|Nautica
yamaha|40XMHL|2950000|||2018_04_22|Nautica
yamaha|25BMHL|2290000|||2018_04_22|Nautica
yamaha|15FMHL|1690000|||2018_04_22|Nautica
yamaha|99FMHL|1490000|||2018_04_22|Nautica
yamaha|5CSMHL|990000|||2018_04_22|Nautica
yamaha|EX DELUXE|7990000|||2018_04_23|Nautica
yamaha|FX Cruiser SVHO|13990000|||2018_04_23|Nautica
yamaha|VX DELUXE|8990000|||2018_04_23|Nautica
yamaha|VX CRUISER|9290000|||2018_04_23|Nautica
yamaha|SUPER JET|6990000|||2018_04_23|Nautica
yamaha|25BMHS|2190000|||2018_04_23|Nautica
yamaha|15FMHS|1590000|||2018_04_23|Nautica
yamaha|99FMHS|1390000|||2018_04_23|Nautica
yamaha|40XMHL|2950000|||2018_04_23|Nautica
yamaha|25BMHL|2290000|||2018_04_23|Nautica
yamaha|15FMHL|1690000|||2018_04_23|Nautica
yamaha|99FMHL|1490000|||2018_04_23|Nautica
yamaha|5CSMHL|990000|||2018_04_23|Nautica
euromot|EUROMOT GXT-200|1190000|||2018_03_31|urbanas
euromot|EUROMOT GXT-200|1190000|||2018_04_17|urbanas
euromot|EUROMOT GXT-200|1190000|||2018_04_23|urbanas
euromot|EUROMOT HJ-125-7|799000|||2018_03_31|urbanas
euromot|EUROMOT GXT-250DD|1590000|||2018_04_17|urbanas
euromot|EUROMOT GXT-250DD|1590000|||2018_04_23|urbanas
euromot|EUROMOT HJ-150-9|899000|||2018_03_31|urbanas
euromot|EUROMOT HJ-150-9|899000|||2018_04_17|urbanas
euromot|EUROMOT HJ-150-9|899000|||2018_04_23|urbanas
euromot|EUROMOT TZ-150-S|799000|||2018_03_31|urbanas
euromot|EUROMOT JM200-E|849000|799000||2018_03_31|estilo-custom
euromot|EUROMOT GXT-200|1190000|||2018_04_17|estilo-custom
euromot|EUROMOT GXT-200|1190000|||2018_04_23|estilo-custom
euromot|EUROMOT QM-200 2X|1090000|||2018_03_31|estilo-custom
euromot|EUROMOT GXT-250DD|1590000|||2018_04_17|estilo-custom
euromot|EUROMOT GXT-250DD|1590000|||2018_04_23|estilo-custom
euromot|EUROMOT GXT-200|1190000|||2018_03_31|doble-proposito
euromot|EUROMOT GXT-200|1190000|||2018_04_17|doble-proposito
euromot|EUROMOT GXT-200|1190000|||2018_04_23|doble-proposito
euromot|EUROMOT GXT-250DD|1590000|1390000||2018_03_31|doble-proposito
euromot|EUROMOT GXT-250DD|1590000|||2018_04_17|doble-proposito
euromot|EUROMOT GXT-250DD|1590000|||2018_04_23|doble-proposito
zongshen|ZSR 150|799900|||2018_03_26|Scooter
zongshen|ZSR 150|799900|||2018_04_18|Scooter
zongshen|ZSR 150|799900|||2018_04_23|Scooter
zongshen|ZROAD 200|1099900|||2018_03_26|Custom
zongshen|ZROAD 200|1099900|||2018_04_18|Custom
zongshen|ZROAD 200|1099900|||2018_04_23|Custom
zongshen|ZII|1499900|||2018_03_26|Calle
zongshen|ZII|1499900|||2018_04_18|Calle
zongshen|ZII|1499900|||2018_04_23|Calle
zongshen|Rapid|699900|||2018_03_26|Calle
zongshen|Rapid|699900|||2018_04_18|Calle
zongshen|Rapid|699900|||2018_04_23|Calle
zongshen|Z-ONE 150|999900|||2018_03_26|Calle
zongshen|Z-ONE 150|999900|||2018_04_18|Calle
zongshen|Z-ONE 150|999900|||2018_04_23|Calle
zongshen|Razor|999900|||2018_03_26|Multiproposito
zongshen|Razor|999900|||2018_04_18|Multiproposito
zongshen|Razor|999900|||2018_04_23|Multiproposito
zongshen|RX3|2999900|||2018_03_26|Multiproposito
zongshen|RX3|2999900|||2018_04_18|Multiproposito
zongshen|RX3|2999900|||2018_04_23|Multiproposito
kymco|Agility 16+|1699900|||2018_03_26|SCOOTER
kymco|Agility 16+|1699900|||2018_04_18|SCOOTER
kymco|Agility 16+|1699900|||2018_04_23|SCOOTER
kymco|Agility RS 125|999900|||2018_03_26|SCOOTER
kymco|Agility RS 125|999900|||2018_04_18|SCOOTER
kymco|Agility RS 125|999900|||2018_04_23|SCOOTER
kymco|Downtown 300i|3699900|||2018_03_26|SCOOTER
kymco|Downtown 300i|3699900|||2018_04_18|SCOOTER
kymco|Downtown 300i|3699900|||2018_04_23|SCOOTER
kymco|Xciting 400|4799900|||2018_03_26|SCOOTER
kymco|Xciting 400|4799900|||2018_04_18|SCOOTER
kymco|Xciting 400|4799900|||2018_04_23|SCOOTER
kymco|UXV450|6999900|||2018_03_26|ATV
kymco|UXV450|6999900|||2018_04_18|ATV
kymco|UXV450|6999900|||2018_04_23|ATV
kymco|Mongoose 90S|1899900|||2018_03_26|ATV
kymco|Mongoose 90S|1899900|||2018_04_18|ATV
kymco|Mongoose 90S|1899900|||2018_04_23|ATV
kymco|UXV 700|8499900|||2018_03_26|ATV
kymco|UXV 700|8499900|||2018_04_18|ATV
kymco|UXV 700|8499900|||2018_04_23|ATV
kymco|MXU 465|6499900|||2018_03_26|ATV
kymco|MXU 465|6499900|||2018_04_18|ATV
kymco|MXU 465|6499900|||2018_04_23|ATV
kymco|Maxxer 450|6399900|||2018_03_26|ATV
kymco|Maxxer 450|6399900|||2018_04_18|ATV
kymco|Maxxer 450|6399900|||2018_04_23|ATV
kymco|MXU700|7399900|||2018_03_26|ATV
kymco|MXU700|7399900|||2018_04_18|ATV
kymco|MXU700|7399900|||2018_04_23|ATV
kymco|MXU 250|3299900|||2018_03_26|ATV
kymco|MXU 250|3299900|||2018_04_18|ATV
kymco|MXU 250|3299900|||2018_04_23|ATV
kymco|MXU 150|2299900|||2018_03_26|ATV
kymco|MXU 150|2299900|||2018_04_18|ATV
kymco|MXU 150|2299900|||2018_04_23|ATV
benelli|TNT 135|1499000|||2018_03_26|NAKED
benelli|TNT 135|1499000|||2018_04_18|NAKED
benelli|TNT 135|1499000|||2018_04_23|NAKED
benelli|TNT 25|1999000|||2018_03_26|NAKED
benelli|TNT 25|1999000|||2018_04_18|NAKED
benelli|TNT 25|1999000|||2018_04_23|NAKED
benelli|TNT 300|3090000|||2018_03_26|NAKED
benelli|TNT 300|3090000|||2018_04_18|NAKED
benelli|TNT 300|3090000|||2018_04_23|NAKED
benelli|TNT 600|4799000|||2018_03_26|NAKED
benelli|TNT 600|4799000|||2018_04_18|NAKED
benelli|TNT 600|4799000|||2018_04_23|NAKED
benelli|302R|2999000|||2018_03_26|SPORT
benelli|302R|1000000|||2018_04_18|SPORT
benelli|302R|1000000|||2018_04_23|SPORT
benelli|TRK 502|4990000|||2018_03_26|TOURING
benelli|TRK 502|4990000|||2018_04_18|TOURING
benelli|TRK 502|4990000|||2018_04_23|TOURING
benelli|TNT 600 GT|4999000|||2018_03_26|TOURING
benelli|TNT 600 GT|4999000|||2018_04_18|TOURING
benelli|TNT 600 GT|4999000|||2018_04_23|TOURING
benelli|Leoncino||||2018_03_26|SCRAMBLER
benelli|Leoncino||||2018_04_18|SCRAMBLER
benelli|Leoncino||||2018_04_23|SCRAMBLER
keeway|Superlight 200|1390000|1099000|291000|2018_03_29|linea-custom
keeway|Superlight 200|1390000|999000|391000|2018_04_18|linea-custom
keeway|Superlight 200|1390000|999000|391000|2018_04_23|linea-custom
keeway|Dorado 250|2090000|1999000|91000|2018_03_29|linea-custom
keeway|Dorado 250|2090000|1999000|91000|2018_04_18|linea-custom
keeway|Dorado 250|2090000|1999000|91000|2018_04_23|linea-custom
keeway|RKV 150|990000|749000|241000|2018_03_29|linea-rk
keeway|RKV 150|990000|749000|241000|2018_04_18|linea-rk
keeway|RKS 150 SPORT|1290000|999000|291000|2018_04_23|linea-rk
keeway|RKS 150 SPORT|1290000|999000|291000|2018_03_29|linea-rk
keeway|RKS 150 SPORT|1290000|999000|291000|2018_04_18|linea-rk
keeway|PESARO 125|1090000|699000|391000|2018_03_29|linea-urban
keeway|PESARO 125|1090000|699000|391000|2018_04_18|linea-urban
keeway|CITYBLADE 150|1290000|999000|291000|2018_03_29|linea-urban
keeway|CITYBLADE 150|1290000|999000|291000|2018_04_18|linea-urban
keeway|Nova 125|999000|599000|391000|2018_03_29|linea-urban
keeway|Nova 125|990000|599000|391000|2018_04_18|linea-urban
keeway|ATV 100|1190000|899000|291000|2018_03_29|linea-atv
keeway|ATV 100|1190000|899000|291000|2018_04_18|linea-atv
linhai|ATV 150|1390000|799000|591000|2018_03_28|atv150
linhai|ATV 150|1390000|799000|591000|2018_04_18|atv150
linhai|ATV 260|3290000|2999000|291000|2018_04_23|atv150
linhai|ATV 260|3290000|2999000|291000|2018_03_28|atv260
linhai|ATV 260|3290000|2999000|291000|2018_04_18|atv260
linhai|ATV 500|4490000|3999000|491000|2018_04_23|atv260
linhai|ATV 500|4490000|3999000|491000|2018_03_28|atv500
linhai|ATV 500|4490000|3999000|491000|2018_04_18|atv500
linhai|ATV 700|5990000|4999000|991000|2018_04_23|atv500
linhai|ATV 700|5990000|4999000|991000|2018_03_28|atv700
linhai|ATV 700|5990000|4999000|991000|2018_04_18|atv700
linhai|ATV M150|1490000|1299000|191000|2018_04_23|atv700
linhai|ATV M150|1490000|1299000|191000|2018_03_28|atvm150
linhai|ATV M150|1490000|1299000|191000|2018_04_18|atvm150
linhai|UTV 400|4990000|4699000|291000|2018_04_23|atvm150
linhai|UTV 400|4990000|4699000|291000|2018_03_28|utv400
linhai|UTV 400|4990000|4699000|291000|2018_04_18|utv400
linhai|UTV 800|9990000|9499000|491000|2018_04_23|utv400
linhai|UTV 800|9990000|9499000|491000|2018_03_28|utv800
linhai|UTV 800|9990000|9499000|491000|2018_04_18|utv800
linhai|M550|4990000|4499000|491000|2018_04_23|utv800
linhai|M550|4990000|4499000|491000|2018_03_28|m550
linhai|M550|4990000|4499000|491000|2018_04_18|m550
motossym|Citycom 300i|2990000|||2018_04_03|Scooter
motossym|Sym Joyride 200i S ABS|2518000|||2018_04_03|Scooter
motossym|Joyride 200i Evo|2380000|||2018_04_03|Scooter
motossym|HD2 200i|1980000|||2018_04_03|Scooter
motossym|VS 150 S|1870000|||2018_04_03|Scooter
motossym|Mio 100|1060000|||2018_04_03|Scooter
motossym|Citycom 300i|2990000|||2018_04_18|Scooter
motossym|Sym Joyride 200i S ABS|2518000|||2018_04_18|Scooter
motossym|Joyride 200i Evo|2380000|||2018_04_18|Scooter
motossym|HD2 200i|1980000|||2018_04_18|Scooter
motossym|VS 150 S|1870000|||2018_04_18|Scooter
motossym|Mio 100|1060000|||2018_04_18|Scooter
motossym|Citycom 300i|2990000|||2018_04_23|Scooter
motossym|Sym Joyride 200i S ABS|2518000|||2018_04_23|Scooter
motossym|Joyride 200i Evo|2380000|||2018_04_23|Scooter
motossym|HD2 200i|1980000|||2018_04_23|Scooter
motossym|VS 150 S|1870000|||2018_04_23|Scooter
motossym|Mio 100|1060000|||2018_04_23|Scooter
motossym|MaxSYM 600i ABS|6130000|||2018_04_03|Scooter
motossym|MaxSYM 400i ABS|4830000|||2018_04_03|Scooter
motossym|Sym Cruisym 300i ABS|3995000|||2018_04_03|Scooter
motossym|Joymax 300i ABS|3870000|||2018_04_03|Scooter
motossym|Joymax 300i ABS Sport|3870000|||2018_04_03|Scooter
motossym|GTS 250i Evo|3420000|||2018_04_03|Scooter
motossym|MaxSYM 600i ABS|6130000|||2018_04_18|Scooter
motossym|MaxSYM 400i ABS|4830000|||2018_04_18|Scooter
motossym|Sym Cruisym 300i ABS|3995000|||2018_04_18|Scooter
motossym|Joymax 300i ABS|3870000|||2018_04_18|Scooter
motossym|Joymax 300i ABS Sport|3870000|||2018_04_18|Scooter
motossym|GTS 250i Evo|3420000|||2018_04_18|Scooter
motossym|MaxSYM 600i ABS|6130000|||2018_04_23|Scooter
motossym|MaxSYM 400i ABS|4830000|||2018_04_23|Scooter
motossym|Sym Cruisym 300i ABS|3995000|||2018_04_23|Scooter
motossym|Joymax 300i ABS|3870000|||2018_04_23|Scooter
motossym|Joymax 300i ABS Sport|3870000|||2018_04_23|Scooter
motossym|GTS 250i Evo|3420000|||2018_04_23|Scooter
motossym|QuadLander 300S|3390000|||2018_04_03|ATV
motossym|QuadLander 300S|3390000|||2018_04_18|ATV
motossym|QuadLander 300S|3390000|||2018_04_23|ATV
motossym|BMW G310 R 2018|3150000|||2018_04_03|Moto
motossym|Wolf 250i|1905000|||2018_04_03|Moto
motossym|BMW G310 R 2018|3150000|||2018_04_18|Moto
motossym|Wolf 250i|1905000|||2018_04_18|Moto
motossym|BMW G310 R 2018|3150000|||2018_04_23|Moto
motossym|Wolf 250i|1905000|||2018_04_23|Moto
